"Template","Title"
"add_attribute","Add Attribute"
"add_tags","Add Tags"
"apply_on_actor","Apply On Actor"
"apply_scale_to_bounds","Apply Scale To Bounds"
"assets","Assets"
"attribute_cast","Attribute Cast"
"attribute_filter_range","Attribute Filter Range"
"attribute_noise","Attribute Noise"
"attribute_random","Attribute Random"
"attribute_remove_duplicates","Attribute Remove Duplicates"
"attribute_rename","Attribute Rename"
"attribute_select","Attribute Select"
"attribute_set_to_point","Attribute Set To Point"
"attribute_string_op","Attribute String Op"
"bitwise_op","Bitwise Op"
"boolean","Boolean"
"bounds_from_mesh","Bounds From Mesh"
"bounds_modifier","Bounds Modifier"
"branch","Branch"
"break_transform_attribute","Break Transform Attribute"
"build_rotation_from_up","Build Rotation From Up Vector"
"clip_paths","Clip Paths"
"clip_points_by_polygon","Clip Points By Polygon"
"combine_points","Combine Points"
"compare_op","Compare Op"
"compose_vector","Compose Vector"
"compute_kernel","Compute Kernel"
"copy","Copy"
"copy_attribute","Copy Attribute"
"copy_points","Copy Points"
"create_points","Create Points"
"create_spline","Create Spline"
"create_surface_from_polygon","Create Surface From Polygon"
"create_surface_from_spline","Create Surface From Spline"
"create_target_node","Create Target Node"
"cull_points_outside_bounds","Cull Points Outside Bounds"
"curve_remap_density","Curve Remap Density"
"data_table_row_to_attribute_set","Data Table Row To Attribute Set"
"debug","Debug"
"decompose_vector","Decompose Vector"
"delete_tags","Delete Tags"
"density_filter","Density Filter"
"density_remap","Density Remap"
"difference","Difference"
"discard_points_on_irregular_surface","Discard Points On Irregular Surface"
"distance","Distance"
"distance_to_density","Distance to Density"
"dungeon_connect_rooms","Dungeon Connect Rooms"
"dungeon_expand_rooms","Dungeon Expand Rooms"
"dungeon_generator","Dungeon Generator"
"dungeon_room_candidates","Dungeon Room Candidates"
"dungeon_walls_and_doors","Dungeon Walls and Doors"
"duplicate_point","Duplicate Point"
"expression","Expression"
"filter","Filter"
"filter_data_by_attribute","Filter Data By Attribute"
"filter_data_by_index","Filter Data By Index"
"filter_data_by_tag","Filter Data By Tag"
"filter_data_by_type","Filter Data By Type"
"find_convex_hull_2d","Find Convex Hull 2D"
"gather","Gather"
"get_attribute_from_point_index","Get Attribute From Point Index"
"get_bounds","Get Bounds"
"get_data_count","Get Data Count"
"get_entries_count","Get Entries Count"
"get_execution_bounds","Get Execution Bounds"
"get_loop_index","Get Loop Index"
"get_loop_key","Get Loop Key"
"get_points_count","Get Points Count"
"get_property_from_object_path","Get Property From Object Path"
"get_spline_data","Get Spline Data"
"get_surface_data","Get Surface Data"
"get_variable","Get Variable"
"get_volume_data","Get Volume Data"
"grammar_expand","Grammar Expand"
"grid","Grid"
"grid_boundary","Grid Boundary"
"grid_connect_points","Grid Connect Points"
"grid_fill_bounds","Grid Fill Bounds"
"grid_size","Grid Size"
"input","Inputs"
"intersection","Intersection"
"load_alembic_file","Load Alembic File"
"load_data_table","Load Data Table"
"load_pcg_data_asset","Load PCG Data Asset"
"loop","Loop"
"make_bounds","Make Bounds"
"make_transform_attribute","Make Transform Attribute"
"make_vector","Make Vector"
"match_and_set","Match And Set"
"math_op","Math"
"merge","Merge"
"merge_attributes","Merge Attributes"
"merge_points","Merge Points"
"mesh_sampler","Mesh Sampler"
"mutate_seed","Mutate Seed"
"navigation_region_sampler","Navigation Region Sampler"
"noise","Noise"
"normal_to_density","Normal To Density"
"output","Outputs"
"partition","Partition"
"physics_overlap_query","Physics Overlap Query"
"physics_shape_sweep","Physics Shape Sweep"
"point_filter_range","Point Filter Range"
"point_from_mesh","Point From Mesh"
"point_from_player_pawn","Point From Player"
"point_neighborhood","Point Neighborhood"
"point_offsets","Point Offsets"
"point_to_attribute_set","Point To Attribute Set"
"points_from_gridmap","Points From GridMap"
"points_from_imported_scene","Points From Imported Scene"
"points_from_scene","Points From Scene"
"points_from_tilemap","Points From TileMap"
"polygon_operation","Polygon Operation"
"print_string","Print String"
"projection","Projection"
"random_color","Random Color"
"ray_cast","Ray Cast"
"reduce","Reduce"
"relax","Relax"
"remap","Remap"
"remove_attribute","Remove Attributes"
"replace_tags","Replace Tags"
"reroute","Reroute"
"reset_point_center","Reset Point Center"
"rotator_op","Rotator Op"
"runtime_quality_branch","Runtime Quality Branch"
"runtime_quality_select","Runtime Quality Select"
"sample_mesh","Sample Mesh"
"sample_points","Sample Points"
"sample_spline","Sample Spline"
"sample_terrain_layers","Sample Terrain Layers"
"sanity_check","Sanity Check Point Data"
"scan_meshes","Scan Meshes"
"scan_nodes","Scan Nodes"
"scan_splines","Scan Splines"
"select","Select"
"select_multi","Select (Multi)"
"select_points","Select Points"
"self_pruning","Self Pruning"
"sequence_sample","Sequence Sample"
"set_variable","Set Variable"
"size","Size"
"snap_to_grid","Snap to Grid"
"sort","Sort"
"spawn_meshes","Spawn Meshes"
"spawn_nodes","Spawn Nodes"
"spawn_scenes","Spawn Scenes"
"spawn_spline_mesh","Spawn Spline Mesh"
"split_points","Split Points"
"split_splines","Split Splines"
"subdivide_segment","Subdivide Segment"
"subgraph","Subgraph"
"substract","Substract"
"surface_sampler","Surface Sampler"
"switch","Switch"
"tags_mutate","Tags"
"texture_sampler","Texture Sampler"
"to_point","To Point"
"transform","Transform"
"transform_op","Transform Op"
"transform_points","Transform Points"
"trig_op","Trig Op"
"union","Union"
"vector_op","Vector Op"
"volume_sampler","Volume Sampler"
"weighted_point_sampler","Weighted Point Sampler"
